{
  "train_size": [
    1,
    3,
    6,
    9,
    12
  ],
  "train_score": [
    NaN,
    1.0,
    0.6725053280267972,
    0.2981977406487706,
    0.15816943061898264
  ],
  "test_score": [
    -5.695325663000202,
    -23.781854003778097,
    -32.85732613719175,
    -18.972529224314364,
    -10.371352572338848
  ]
}