{
  "train_size": [
    1383,
    4495,
    7607,
    10719,
    13832
  ],
  "train_score": [
    0.6996132797120859,
    0.6961402026389051,
    0.6900521972410691,
    0.698163783361119,
    0.7010843652668699
  ],
  "test_score": [
    0.6686557164657095,
    0.6818909971579086,
    0.6921721104740939,
    0.6942599770144405,
    0.696174229714493
  ]
}